category,name,path,url
UGC,a woman wearing sunglasses holding up a cell phone,C:\Users\lesha\OneDrive\Рабочий стол\Обучение\Сбор и разметка данных\Lesson 6\\images\a woman wearing sunglasses holding up a cell phone-542b501fccb5589625d0304b4d406a790769ddb6.jpg,https://plus.unsplash.com/premium_photo-1671641797679-3b680a7d2109?q=80&w=1000&auto=format&fit=crop&ixlib=rb-4.0.3&ixid=M3wxMjA3fDB8MHx0b3BpYy1mZWVkfDF8QjAycU0wMkhOOWd8fGVufDB8fHx8fA%3D%3D
UGC,a woman wearing sunglasses holding up a cell phone,,https://plus.unsplash.com/premium_photo-1671641797679-3b680a7d2109?q=80&w=1000&auto=format&fit=crop&ixlib=rb-4.0.3&ixid=M3wxMjA3fDB8MHx0b3BpYy1mZWVkfDF8QjAycU0wMkhOOWd8fGVufDB8fHx8fA%3D%3D
UGC,a woman taking a picture of a giant heart balloon,C:\Users\lesha\OneDrive\Рабочий стол\Обучение\Сбор и разметка данных\Lesson 6\\images\a woman taking a picture of a giant heart balloon-2e4d735b35568e69d9a2dbab80c70b6b03757aca.jpg,https://images.unsplash.com/photo-1716181815572-c3034b6a3cc4?q=80&w=1000&auto=format&fit=crop&ixlib=rb-4.0.3&ixid=M3wxMjA3fDB8MHx0b3BpYy1mZWVkfDN8QjAycU0wMkhOOWd8fGVufDB8fHx8fA%3D%3D
UGC,a woman holding up a card with a picture on it,C:\Users\lesha\OneDrive\Рабочий стол\Обучение\Сбор и разметка данных\Lesson 6\\images\a woman holding up a card with a picture on it-a928b449d7f13655fa983bca2bbdb35420d52cfe.jpg,https://plus.unsplash.com/premium_photo-1698186570683-7f0796c3901e?q=80&w=1000&auto=format&fit=crop&ixlib=rb-4.0.3&ixid=M3wxMjA3fDB8MHx0b3BpYy1mZWVkfDJ8QjAycU0wMkhOOWd8fGVufDB8fHx8fA%3D%3D
UGC,a cell phone sitting on top of a tripod,,https://plus.unsplash.com/premium_photo-1684581969625-17e8852d5f32?q=80&w=1000&auto=format&fit=crop&ixlib=rb-4.0.3&ixid=M3wxMjA3fDB8MHx0b3BpYy1mZWVkfDR8QjAycU0wMkhOOWd8fGVufDB8fHx8fA%3D%3D
UGC,a cell phone sitting on top of a tripod,C:\Users\lesha\OneDrive\Рабочий стол\Обучение\Сбор и разметка данных\Lesson 6\\images\a cell phone sitting on top of a tripod-0dfcd55aaae70ecc7f9ed30b3b79e209f1996afb.jpg,https://plus.unsplash.com/premium_photo-1684581969625-17e8852d5f32?q=80&w=1000&auto=format&fit=crop&ixlib=rb-4.0.3&ixid=M3wxMjA3fDB8MHx0b3BpYy1mZWVkfDR8QjAycU0wMkhOOWd8fGVufDB8fHx8fA%3D%3D
UGC,a bunch of purple flowers with a blue sky in the background,,https://images.unsplash.com/photo-1716116883416-6ddcd09486f0?q=80&w=1000&auto=format&fit=crop&ixlib=rb-4.0.3&ixid=M3wxMjA3fDB8MHx0b3BpYy1mZWVkfDZ8QjAycU0wMkhOOWd8fGVufDB8fHx8fA%3D%3D
UGC,a bunch of purple flowers with a blue sky in the background,C:\Users\lesha\OneDrive\Рабочий стол\Обучение\Сбор и разметка данных\Lesson 6\\images\a bunch of purple flowers with a blue sky in the background-aca93e7b2223947cf53cf96baebe3a508d19f137.jpg,https://images.unsplash.com/photo-1716116883416-6ddcd09486f0?q=80&w=1000&auto=format&fit=crop&ixlib=rb-4.0.3&ixid=M3wxMjA3fDB8MHx0b3BpYy1mZWVkfDZ8QjAycU0wMkhOOWd8fGVufDB8fHx8fA%3D%3D
UGC,a woman holding up a card with a picture on it,,https://plus.unsplash.com/premium_photo-1698186570683-7f0796c3901e?q=80&w=1000&auto=format&fit=crop&ixlib=rb-4.0.3&ixid=M3wxMjA3fDB8MHx0b3BpYy1mZWVkfDJ8QjAycU0wMkhOOWd8fGVufDB8fHx8fA%3D%3D
UGC,a woman taking a picture of a giant heart balloon,,https://images.unsplash.com/photo-1716181815572-c3034b6a3cc4?q=80&w=1000&auto=format&fit=crop&ixlib=rb-4.0.3&ixid=M3wxMjA3fDB8MHx0b3BpYy1mZWVkfDN8QjAycU0wMkhOOWd8fGVufDB8fHx8fA%3D%3D
UGC,"Front view of cheerful young teenager girls friends outdoors in nature, taking selfie with smartphone.",,https://plus.unsplash.com/premium_photo-1663076563163-ad702378d74c?q=80&w=1000&auto=format&fit=crop&ixlib=rb-4.0.3&ixid=M3wxMjA3fDB8MHx0b3BpYy1mZWVkfDV8QjAycU0wMkhOOWd8fGVufDB8fHx8fA%3D%3D
UGC,"Front view of cheerful young teenager girls friends outdoors in nature, taking selfie with smartphone.","C:\Users\lesha\OneDrive\Рабочий стол\Обучение\Сбор и разметка данных\Lesson 6\\images\Front view of cheerful young teenager girls friends outdoors in nature, taking selfie with smartphone.-253ea27742f0459c0a63d2c858209d23252f3dfd.jpg",https://plus.unsplash.com/premium_photo-1663076563163-ad702378d74c?q=80&w=1000&auto=format&fit=crop&ixlib=rb-4.0.3&ixid=M3wxMjA3fDB8MHx0b3BpYy1mZWVkfDV8QjAycU0wMkhOOWd8fGVufDB8fHx8fA%3D%3D
UGC,a yellow door with a brick wall in the background,,https://images.unsplash.com/photo-1714116166160-c989d1445f8e?q=80&w=1000&auto=format&fit=crop&ixlib=rb-4.0.3&ixid=M3wxMjA3fDB8MHx0b3BpYy1mZWVkfDEwfEIwMnFNMDJITjlnfHxlbnwwfHx8fHw%3D
UGC,a yellow door with a brick wall in the background,C:\Users\lesha\OneDrive\Рабочий стол\Обучение\Сбор и разметка данных\Lesson 6\\images\a yellow door with a brick wall in the background-4c0419aa6f423f61078883b6c1e4a7a52ecf6fd0.jpg,https://images.unsplash.com/photo-1714116166160-c989d1445f8e?q=80&w=1000&auto=format&fit=crop&ixlib=rb-4.0.3&ixid=M3wxMjA3fDB8MHx0b3BpYy1mZWVkfDEwfEIwMnFNMDJITjlnfHxlbnwwfHx8fHw%3D
UGC,a red and white trolley car traveling down a street,,https://images.unsplash.com/photo-1675722228410-83eabe015225?q=80&w=1000&auto=format&fit=crop&ixlib=rb-4.0.3&ixid=M3wxMjA3fDB8MHx0b3BpYy1mZWVkfDd8QjAycU0wMkhOOWd8fGVufDB8fHx8fA%3D%3D
UGC,a red and white trolley car traveling down a street,C:\Users\lesha\OneDrive\Рабочий стол\Обучение\Сбор и разметка данных\Lesson 6\\images\a red and white trolley car traveling down a street-9283354f717ad7873c85f9daedd639922fe148d6.jpg,https://images.unsplash.com/photo-1675722228410-83eabe015225?q=80&w=1000&auto=format&fit=crop&ixlib=rb-4.0.3&ixid=M3wxMjA3fDB8MHx0b3BpYy1mZWVkfDd8QjAycU0wMkhOOWd8fGVufDB8fHx8fA%3D%3D
UGC,brown rocky mountain during daytime,C:\Users\lesha\OneDrive\Рабочий стол\Обучение\Сбор и разметка данных\Lesson 6\\images\brown rocky mountain during daytime-676cbfd08aa02a2e2760a66661a28016e2e8d244.jpg,https://images.unsplash.com/photo-1628175030107-fe059f96524b?q=80&w=1000&auto=format&fit=crop&ixlib=rb-4.0.3&ixid=M3wxMjA3fDB8MHx0b3BpYy1mZWVkfDl8QjAycU0wMkhOOWd8fGVufDB8fHx8fA%3D%3D
UGC,brown rocky mountain during daytime,,https://images.unsplash.com/photo-1628175030107-fe059f96524b?q=80&w=1000&auto=format&fit=crop&ixlib=rb-4.0.3&ixid=M3wxMjA3fDB8MHx0b3BpYy1mZWVkfDl8QjAycU0wMkhOOWd8fGVufDB8fHx8fA%3D%3D
UGC,a woman wearing sunglasses holding up a cell phone,,https://plus.unsplash.com/premium_photo-1671641797679-3b680a7d2109?q=80&w=1000&auto=format&fit=crop&ixlib=rb-4.0.3&ixid=M3wxMjA3fDB8MHx0b3BpYy1mZWVkfDF8QjAycU0wMkhOOWd8fGVufDB8fHx8fA%3D%3D
UGC,a woman sitting in a field of flowers holding an orange object,C:\Users\lesha\OneDrive\Рабочий стол\Обучение\Сбор и разметка данных\Lesson 6\\images\a woman sitting in a field of flowers holding an orange object-c791ed057ceba5161267acf75abece76bcdbf9b3.jpg,https://plus.unsplash.com/premium_photo-1686777551223-02e11513329b?q=80&w=1000&auto=format&fit=crop&ixlib=rb-4.0.3&ixid=M3wxMjA3fDB8MHx0b3BpYy1mZWVkfDh8QjAycU0wMkhOOWd8fGVufDB8fHx8fA%3D%3D
UGC,a woman sitting in a field of flowers holding an orange object,,https://plus.unsplash.com/premium_photo-1686777551223-02e11513329b?q=80&w=1000&auto=format&fit=crop&ixlib=rb-4.0.3&ixid=M3wxMjA3fDB8MHx0b3BpYy1mZWVkfDh8QjAycU0wMkhOOWd8fGVufDB8fHx8fA%3D%3D
UGC,a bicycle is parked on a wooden deck,,https://images.unsplash.com/photo-1653263076343-c7769ac8bcb0?q=80&w=1000&auto=format&fit=crop&ixlib=rb-4.0.3&ixid=M3wxMjA3fDB8MHx0b3BpYy1mZWVkfDExfEIwMnFNMDJITjlnfHxlbnwwfHx8fHw%3D
UGC,a bicycle is parked on a wooden deck,C:\Users\lesha\OneDrive\Рабочий стол\Обучение\Сбор и разметка данных\Lesson 6\\images\a bicycle is parked on a wooden deck-041cb7fb6357becf746553d588c97a839a2e2e11.jpg,https://images.unsplash.com/photo-1653263076343-c7769ac8bcb0?q=80&w=1000&auto=format&fit=crop&ixlib=rb-4.0.3&ixid=M3wxMjA3fDB8MHx0b3BpYy1mZWVkfDExfEIwMnFNMDJITjlnfHxlbnwwfHx8fHw%3D
UGC,"Front view of cheerful young teenager girls friends outdoors in nature, taking selfie with smartphone.",,https://plus.unsplash.com/premium_photo-1663076563163-ad702378d74c?q=80&w=1000&auto=format&fit=crop&ixlib=rb-4.0.3&ixid=M3wxMjA3fDB8MHx0b3BpYy1mZWVkfDV8QjAycU0wMkhOOWd8fGVufDB8fHx8fA%3D%3D
UGC,a red and white trolley car traveling down a street,,https://images.unsplash.com/photo-1675722228410-83eabe015225?q=80&w=1000&auto=format&fit=crop&ixlib=rb-4.0.3&ixid=M3wxMjA3fDB8MHx0b3BpYy1mZWVkfDd8QjAycU0wMkhOOWd8fGVufDB8fHx8fA%3D%3D
UGC,a yellow door with a brick wall in the background,,https://images.unsplash.com/photo-1714116166160-c989d1445f8e?q=80&w=1000&auto=format&fit=crop&ixlib=rb-4.0.3&ixid=M3wxMjA3fDB8MHx0b3BpYy1mZWVkfDEwfEIwMnFNMDJITjlnfHxlbnwwfHx8fHw%3D
Sports,a shadow of a person holding a tennis racket and a tennis ball,C:\Users\lesha\OneDrive\Рабочий стол\Обучение\Сбор и разметка данных\Lesson 6\\images\a shadow of a person holding a tennis racket and a tennis ball-fa196be1e0d8a336cf55a6ba08b2fa9eaf8a5295.jpg,https://plus.unsplash.com/premium_photo-1706816489588-d0addb6dc472?q=80&w=1000&auto=format&fit=crop&ixlib=rb-4.0.3&ixid=M3wxMjA3fDB8MHx0b3BpYy1mZWVkfDF8Qm4tRGpyY0Jyd298fGVufDB8fHx8fA%3D%3D
UGC,a man laying on a couch next to a dog,,https://images.unsplash.com/photo-1703733566073-cc0e4053a565?q=80&w=1000&auto=format&fit=crop&ixlib=rb-4.0.3&ixid=M3wxMjA3fDB8MHx0b3BpYy1mZWVkfDEyfEIwMnFNMDJITjlnfHxlbnwwfHx8fHw%3D
UGC,a man laying on a couch next to a dog,C:\Users\lesha\OneDrive\Рабочий стол\Обучение\Сбор и разметка данных\Lesson 6\\images\a man laying on a couch next to a dog-21299c6b3ce91b947fe7070476d3db5eef95fff1.jpg,https://images.unsplash.com/photo-1703733566073-cc0e4053a565?q=80&w=1000&auto=format&fit=crop&ixlib=rb-4.0.3&ixid=M3wxMjA3fDB8MHx0b3BpYy1mZWVkfDEyfEIwMnFNMDJITjlnfHxlbnwwfHx8fHw%3D
UGC,a woman holding a small brown dog in her arms,,https://images.unsplash.com/photo-1701919050569-969afb1cb4ef?q=80&w=1000&auto=format&fit=crop&ixlib=rb-4.0.3&ixid=M3wxMjA3fDB8MHx0b3BpYy1mZWVkfDEzfEIwMnFNMDJITjlnfHxlbnwwfHx8fHw%3D
UGC,a woman holding a small brown dog in her arms,C:\Users\lesha\OneDrive\Рабочий стол\Обучение\Сбор и разметка данных\Lesson 6\\images\a woman holding a small brown dog in her arms-cbe4cffcc65aa31a66af9c076a685a98473b8895.jpg,https://images.unsplash.com/photo-1701919050569-969afb1cb4ef?q=80&w=1000&auto=format&fit=crop&ixlib=rb-4.0.3&ixid=M3wxMjA3fDB8MHx0b3BpYy1mZWVkfDEzfEIwMnFNMDJITjlnfHxlbnwwfHx8fHw%3D
UGC,a woman holding a small brown dog in her arms,,https://images.unsplash.com/photo-1701919050569-969afb1cb4ef?q=80&w=1000&auto=format&fit=crop&ixlib=rb-4.0.3&ixid=M3wxMjA3fDB8MHx0b3BpYy1mZWVkfDEzfEIwMnFNMDJITjlnfHxlbnwwfHx8fHw%3D
UGC,a woman holding up a card with a picture on it,,https://plus.unsplash.com/premium_photo-1698186570683-7f0796c3901e?q=80&w=1000&auto=format&fit=crop&ixlib=rb-4.0.3&ixid=M3wxMjA3fDB8MHx0b3BpYy1mZWVkfDJ8QjAycU0wMkhOOWd8fGVufDB8fHx8fA%3D%3D
Current Events,the sun is setting over the horizon of a tree,,https://plus.unsplash.com/premium_photo-1695186450461-777ea482f34b?q=80&w=1000&auto=format&fit=crop&ixlib=rb-4.0.3&ixid=M3wxMjA3fDB8MHx0b3BpYy1mZWVkfDE3fEJKSk10dGVESkE0fHxlbnwwfHx8fHw%3D
Current Events,the sun is setting over the horizon of a tree,C:\Users\lesha\OneDrive\Рабочий стол\Обучение\Сбор и разметка данных\Lesson 6\\images\the sun is setting over the horizon of a tree-c8abcc6ce7e635ab5e7950d8cb8001098a06b1f3.jpg,https://plus.unsplash.com/premium_photo-1695186450461-777ea482f34b?q=80&w=1000&auto=format&fit=crop&ixlib=rb-4.0.3&ixid=M3wxMjA3fDB8MHx0b3BpYy1mZWVkfDE3fEJKSk10dGVESkE0fHxlbnwwfHx8fHw%3D
UGC,a cell phone sitting on top of a tripod,,https://plus.unsplash.com/premium_photo-1684581969625-17e8852d5f32?q=80&w=1000&auto=format&fit=crop&ixlib=rb-4.0.3&ixid=M3wxMjA3fDB8MHx0b3BpYy1mZWVkfDR8QjAycU0wMkhOOWd8fGVufDB8fHx8fA%3D%3D
Sports,a shadow of a person holding a tennis racket and a tennis ball,,https://plus.unsplash.com/premium_photo-1706816489588-d0addb6dc472?q=80&w=1000&auto=format&fit=crop&ixlib=rb-4.0.3&ixid=M3wxMjA3fDB8MHx0b3BpYy1mZWVkfDF8Qm4tRGpyY0Jyd298fGVufDB8fHx8fA%3D%3D
UGC,brown rocky mountain during daytime,,https://images.unsplash.com/photo-1628175030107-fe059f96524b?q=80&w=1000&auto=format&fit=crop&ixlib=rb-4.0.3&ixid=M3wxMjA3fDB8MHx0b3BpYy1mZWVkfDl8QjAycU0wMkhOOWd8fGVufDB8fHx8fA%3D%3D
UGC,a man laying on a couch next to a dog,,https://images.unsplash.com/photo-1703733566073-cc0e4053a565?q=80&w=1000&auto=format&fit=crop&ixlib=rb-4.0.3&ixid=M3wxMjA3fDB8MHx0b3BpYy1mZWVkfDEyfEIwMnFNMDJITjlnfHxlbnwwfHx8fHw%3D
Sports,a woman sitting on a four - wheeler in the mountains,,https://plus.unsplash.com/premium_photo-1698670081064-4b3103e04ba6?q=80&w=1000&auto=format&fit=crop&ixlib=rb-4.0.3&ixid=M3wxMjA3fDB8MHx0b3BpYy1mZWVkfDd8Qm4tRGpyY0Jyd298fGVufDB8fHx8fA%3D%3D
Sports,a woman sitting on a four - wheeler in the mountains,C:\Users\lesha\OneDrive\Рабочий стол\Обучение\Сбор и разметка данных\Lesson 6\\images\a woman sitting on a four - wheeler in the mountains-3faa2a06808d58540798613c39e8833426f41809.jpg,https://plus.unsplash.com/premium_photo-1698670081064-4b3103e04ba6?q=80&w=1000&auto=format&fit=crop&ixlib=rb-4.0.3&ixid=M3wxMjA3fDB8MHx0b3BpYy1mZWVkfDd8Qm4tRGpyY0Jyd298fGVufDB8fHx8fA%3D%3D
UGC,a man with a backpack looking up at the sky,C:\Users\lesha\OneDrive\Рабочий стол\Обучение\Сбор и разметка данных\Lesson 6\\images\a man with a backpack looking up at the sky-38cd5175382ef68ddd99e0f63a62ee9321aabdc9.jpg,https://images.unsplash.com/photo-1695591277817-2ee6bf0f10f4?q=80&w=1000&auto=format&fit=crop&ixlib=rb-4.0.3&ixid=M3wxMjA3fDB8MHx0b3BpYy1mZWVkfDE0fEIwMnFNMDJITjlnfHxlbnwwfHx8fHw%3D
UGC,a man with a backpack looking up at the sky,,https://images.unsplash.com/photo-1695591277817-2ee6bf0f10f4?q=80&w=1000&auto=format&fit=crop&ixlib=rb-4.0.3&ixid=M3wxMjA3fDB8MHx0b3BpYy1mZWVkfDE0fEIwMnFNMDJITjlnfHxlbnwwfHx8fHw%3D
UGC,a man with a backpack looking up at the sky,,https://images.unsplash.com/photo-1695591277817-2ee6bf0f10f4?q=80&w=1000&auto=format&fit=crop&ixlib=rb-4.0.3&ixid=M3wxMjA3fDB8MHx0b3BpYy1mZWVkfDE0fEIwMnFNMDJITjlnfHxlbnwwfHx8fHw%3D
UGC,a woman taking a picture of a giant heart balloon,,https://images.unsplash.com/photo-1716181815572-c3034b6a3cc4?q=80&w=1000&auto=format&fit=crop&ixlib=rb-4.0.3&ixid=M3wxMjA3fDB8MHx0b3BpYy1mZWVkfDN8QjAycU0wMkhOOWd8fGVufDB8fHx8fA%3D%3D
Sports,a man jumping in the air on a tennis court,C:\Users\lesha\OneDrive\Рабочий стол\Обучение\Сбор и разметка данных\Lesson 6\\images\a man jumping in the air on a tennis court-b9b03f84c8a6e6b9a2a0e1bbac17ebdf773dcb73.jpg,https://plus.unsplash.com/premium_photo-1710380800131-a73df98bc57a?q=80&w=1000&auto=format&fit=crop&ixlib=rb-4.0.3&ixid=M3wxMjA3fDB8MHx0b3BpYy1mZWVkfDh8Qm4tRGpyY0Jyd298fGVufDB8fHx8fA%3D%3D
UGC,a small blue car parked on the side of a road,C:\Users\lesha\OneDrive\Рабочий стол\Обучение\Сбор и разметка данных\Lesson 6\\images\a small blue car parked on the side of a road-be7627822d95968d778b4908c76f520ee186fb27.jpg,https://images.unsplash.com/photo-1692115733901-8afe6d1cd473?q=80&w=1000&auto=format&fit=crop&ixlib=rb-4.0.3&ixid=M3wxMjA3fDB8MHx0b3BpYy1mZWVkfDE1fEIwMnFNMDJITjlnfHxlbnwwfHx8fHw%3D
UGC,a small blue car parked on the side of a road,,https://images.unsplash.com/photo-1692115733901-8afe6d1cd473?q=80&w=1000&auto=format&fit=crop&ixlib=rb-4.0.3&ixid=M3wxMjA3fDB8MHx0b3BpYy1mZWVkfDE1fEIwMnFNMDJITjlnfHxlbnwwfHx8fHw%3D
UGC,a bunch of purple flowers with a blue sky in the background,,https://images.unsplash.com/photo-1716116883416-6ddcd09486f0?q=80&w=1000&auto=format&fit=crop&ixlib=rb-4.0.3&ixid=M3wxMjA3fDB8MHx0b3BpYy1mZWVkfDZ8QjAycU0wMkhOOWd8fGVufDB8fHx8fA%3D%3D
UGC,a woman sitting in a field of flowers holding an orange object,,https://plus.unsplash.com/premium_photo-1686777551223-02e11513329b?q=80&w=1000&auto=format&fit=crop&ixlib=rb-4.0.3&ixid=M3wxMjA3fDB8MHx0b3BpYy1mZWVkfDh8QjAycU0wMkhOOWd8fGVufDB8fHx8fA%3D%3D
UGC,a bicycle is parked on a wooden deck,,https://images.unsplash.com/photo-1653263076343-c7769ac8bcb0?q=80&w=1000&auto=format&fit=crop&ixlib=rb-4.0.3&ixid=M3wxMjA3fDB8MHx0b3BpYy1mZWVkfDExfEIwMnFNMDJITjlnfHxlbnwwfHx8fHw%3D
Sports,a woman in a black dress is doing a yoga pose,,https://plus.unsplash.com/premium_photo-1684966119402-e237566d4576?q=80&w=1000&auto=format&fit=crop&ixlib=rb-4.0.3&ixid=M3wxMjA3fDB8MHx0b3BpYy1mZWVkfDl8Qm4tRGpyY0Jyd298fGVufDB8fHx8fA%3D%3D
Sports,a woman in a black dress is doing a yoga pose,C:\Users\lesha\OneDrive\Рабочий стол\Обучение\Сбор и разметка данных\Lesson 6\\images\a woman in a black dress is doing a yoga pose-f1e1a02240dd3b06425627cc5bbd8a748a1e882c.jpg,https://plus.unsplash.com/premium_photo-1684966119402-e237566d4576?q=80&w=1000&auto=format&fit=crop&ixlib=rb-4.0.3&ixid=M3wxMjA3fDB8MHx0b3BpYy1mZWVkfDl8Qm4tRGpyY0Jyd298fGVufDB8fHx8fA%3D%3D
UGC,a person holding a bouquet of purple and white flowers,,https://images.unsplash.com/photo-1715955160527-ac983b551ec7?q=80&w=1000&auto=format&fit=crop&ixlib=rb-4.0.3&ixid=M3wxMjA3fDB8MHx0b3BpYy1mZWVkfDE2fEIwMnFNMDJITjlnfHxlbnwwfHx8fHw%3D
UGC,a person holding a bouquet of purple and white flowers,,https://images.unsplash.com/photo-1715955160527-ac983b551ec7?q=80&w=1000&auto=format&fit=crop&ixlib=rb-4.0.3&ixid=M3wxMjA3fDB8MHx0b3BpYy1mZWVkfDE2fEIwMnFNMDJITjlnfHxlbnwwfHx8fHw%3D
UGC,a person holding a bouquet of purple and white flowers,C:\Users\lesha\OneDrive\Рабочий стол\Обучение\Сбор и разметка данных\Lesson 6\\images\a person holding a bouquet of purple and white flowers-4966dd08affad10e8430057d0f77ee56d475e9ed.jpg,https://images.unsplash.com/photo-1715955160527-ac983b551ec7?q=80&w=1000&auto=format&fit=crop&ixlib=rb-4.0.3&ixid=M3wxMjA3fDB8MHx0b3BpYy1mZWVkfDE2fEIwMnFNMDJITjlnfHxlbnwwfHx8fHw%3D
UGC,a small blue car parked on the side of a road,,https://images.unsplash.com/photo-1692115733901-8afe6d1cd473?q=80&w=1000&auto=format&fit=crop&ixlib=rb-4.0.3&ixid=M3wxMjA3fDB8MHx0b3BpYy1mZWVkfDE1fEIwMnFNMDJITjlnfHxlbnwwfHx8fHw%3D
UGC,a playground with a slide in the middle of it,C:\Users\lesha\OneDrive\Рабочий стол\Обучение\Сбор и разметка данных\Lesson 6\\images\a playground with a slide in the middle of it-f61dea50c432af9daad90e300439699481029b64.jpg,https://images.unsplash.com/photo-1715518743333-0a393f36a3fc?q=80&w=1000&auto=format&fit=crop&ixlib=rb-4.0.3&ixid=M3wxMjA3fDB8MHx0b3BpYy1mZWVkfDE3fEIwMnFNMDJITjlnfHxlbnwwfHx8fHw%3D
UGC,a playground with a slide in the middle of it,,https://images.unsplash.com/photo-1715518743333-0a393f36a3fc?q=80&w=1000&auto=format&fit=crop&ixlib=rb-4.0.3&ixid=M3wxMjA3fDB8MHx0b3BpYy1mZWVkfDE3fEIwMnFNMDJITjlnfHxlbnwwfHx8fHw%3D
UGC,a playground with a slide in the middle of it,,https://images.unsplash.com/photo-1715518743333-0a393f36a3fc?q=80&w=1000&auto=format&fit=crop&ixlib=rb-4.0.3&ixid=M3wxMjA3fDB8MHx0b3BpYy1mZWVkfDE3fEIwMnFNMDJITjlnfHxlbnwwfHx8fHw%3D
UGC,a stack of pancakes sitting on top of a blue plate,C:\Users\lesha\OneDrive\Рабочий стол\Обучение\Сбор и разметка данных\Lesson 6\\images\a stack of pancakes sitting on top of a blue plate-d9a6b84d822bd726862d9ac885033f874c8475e3.jpg,https://images.unsplash.com/photo-1691963062071-7e4d9e8fb7af?q=80&w=1000&auto=format&fit=crop&ixlib=rb-4.0.3&ixid=M3wxMjA3fDB8MHx0b3BpYy1mZWVkfDE4fEIwMnFNMDJITjlnfHxlbnwwfHx8fHw%3D
UGC,a stack of pancakes sitting on top of a blue plate,,https://images.unsplash.com/photo-1691963062071-7e4d9e8fb7af?q=80&w=1000&auto=format&fit=crop&ixlib=rb-4.0.3&ixid=M3wxMjA3fDB8MHx0b3BpYy1mZWVkfDE4fEIwMnFNMDJITjlnfHxlbnwwfHx8fHw%3D
UGC,a stack of pancakes sitting on top of a blue plate,,https://images.unsplash.com/photo-1691963062071-7e4d9e8fb7af?q=80&w=1000&auto=format&fit=crop&ixlib=rb-4.0.3&ixid=M3wxMjA3fDB8MHx0b3BpYy1mZWVkfDE4fEIwMnFNMDJITjlnfHxlbnwwfHx8fHw%3D
UGC,a couple of birds standing on top of a sandy beach,,https://images.unsplash.com/photo-1695591651808-ecbc67a9b6b0?q=80&w=1000&auto=format&fit=crop&ixlib=rb-4.0.3&ixid=M3wxMjA3fDB8MHx0b3BpYy1mZWVkfDE5fEIwMnFNMDJITjlnfHxlbnwwfHx8fHw%3D
UGC,a couple of birds standing on top of a sandy beach,,https://images.unsplash.com/photo-1695591651808-ecbc67a9b6b0?q=80&w=1000&auto=format&fit=crop&ixlib=rb-4.0.3&ixid=M3wxMjA3fDB8MHx0b3BpYy1mZWVkfDE5fEIwMnFNMDJITjlnfHxlbnwwfHx8fHw%3D
UGC,a couple of birds standing on top of a sandy beach,C:\Users\lesha\OneDrive\Рабочий стол\Обучение\Сбор и разметка данных\Lesson 6\\images\a couple of birds standing on top of a sandy beach-01bc115d9dcb42cb598bea0233e3443467f0bcdd.jpg,https://images.unsplash.com/photo-1695591651808-ecbc67a9b6b0?q=80&w=1000&auto=format&fit=crop&ixlib=rb-4.0.3&ixid=M3wxMjA3fDB8MHx0b3BpYy1mZWVkfDE5fEIwMnFNMDJITjlnfHxlbnwwfHx8fHw%3D
Sports,a man jumping in the air on a tennis court,,https://plus.unsplash.com/premium_photo-1710380800131-a73df98bc57a?q=80&w=1000&auto=format&fit=crop&ixlib=rb-4.0.3&ixid=M3wxMjA3fDB8MHx0b3BpYy1mZWVkfDh8Qm4tRGpyY0Jyd298fGVufDB8fHx8fA%3D%3D
Sports,a man in a black shirt and white boxing gloves,C:\Users\lesha\OneDrive\Рабочий стол\Обучение\Сбор и разметка данных\Lesson 6\\images\a man in a black shirt and white boxing gloves-0d00eb9551f5b68cc8832eb8bb4498ce1a2b299b.jpg,https://plus.unsplash.com/premium_photo-1672791862421-3374ee8b4881?q=80&w=1000&auto=format&fit=crop&ixlib=rb-4.0.3&ixid=M3wxMjA3fDB8MHx0b3BpYy1mZWVkfDEyfEJuLURqcmNCcndvfHxlbnwwfHx8fHw%3D
Sports,a man in a black shirt and white boxing gloves,,https://plus.unsplash.com/premium_photo-1672791862421-3374ee8b4881?q=80&w=1000&auto=format&fit=crop&ixlib=rb-4.0.3&ixid=M3wxMjA3fDB8MHx0b3BpYy1mZWVkfDEyfEJuLURqcmNCcndvfHxlbnwwfHx8fHw%3D
Archival,,,https://images.unsplash.com/photo-1715626068401-6f8a8e8fac14?q=80&w=1000&auto=format&fit=crop&ixlib=rb-4.0.3&ixid=M3wxMjA3fDB8MHx0b3BpYy1mZWVkfDN8RS0tX3BuSWlyRzR8fGVufDB8fHx8fA%3D%3D
Sports,a woman running down a road in a sports bra top,,https://plus.unsplash.com/premium_photo-1674605360574-a2935909cb02?q=80&w=1000&auto=format&fit=crop&ixlib=rb-4.0.3&ixid=M3wxMjA3fDB8MHx0b3BpYy1mZWVkfDExfEJuLURqcmNCcndvfHxlbnwwfHx8fHw%3D
Sports,a woman running down a road in a sports bra top,C:\Users\lesha\OneDrive\Рабочий стол\Обучение\Сбор и разметка данных\Lesson 6\\images\a woman running down a road in a sports bra top-214d6deb6295ceac065a39d25db87f50f784e9e6.jpg,https://plus.unsplash.com/premium_photo-1674605360574-a2935909cb02?q=80&w=1000&auto=format&fit=crop&ixlib=rb-4.0.3&ixid=M3wxMjA3fDB8MHx0b3BpYy1mZWVkfDExfEJuLURqcmNCcndvfHxlbnwwfHx8fHw%3D
Sports,a man and a woman standing on a tennis court holding racquets,,https://plus.unsplash.com/premium_photo-1708609924224-1fc2231dc920?q=80&w=1000&auto=format&fit=crop&ixlib=rb-4.0.3&ixid=M3wxMjA3fDB8MHx0b3BpYy1mZWVkfDEwfEJuLURqcmNCcndvfHxlbnwwfHx8fHw%3D
Sports,a man and a woman standing on a tennis court holding racquets,C:\Users\lesha\OneDrive\Рабочий стол\Обучение\Сбор и разметка данных\Lesson 6\\images\a man and a woman standing on a tennis court holding racquets-6162e483d94e958c74d0b32bd36be5cdf11d53fa.jpg,https://plus.unsplash.com/premium_photo-1708609924224-1fc2231dc920?q=80&w=1000&auto=format&fit=crop&ixlib=rb-4.0.3&ixid=M3wxMjA3fDB8MHx0b3BpYy1mZWVkfDEwfEJuLURqcmNCcndvfHxlbnwwfHx8fHw%3D
Current Events,a group of people standing on the side of a road,C:\Users\lesha\OneDrive\Рабочий стол\Обучение\Сбор и разметка данных\Lesson 6\\images\a group of people standing on the side of a road-48d049de32004c8267776b25c439ed2800ed2e5f.jpg,https://images.unsplash.com/photo-1714525316498-138fa36e2ddd?q=80&w=1000&auto=format&fit=crop&ixlib=rb-4.0.3&ixid=M3wxMjA3fDB8MHx0b3BpYy1mZWVkfDF8QkpKTXR0ZURKQTR8fGVufDB8fHx8fA%3D%3D
Current Events,a group of people standing on the side of a road,,https://images.unsplash.com/photo-1714525316498-138fa36e2ddd?q=80&w=1000&auto=format&fit=crop&ixlib=rb-4.0.3&ixid=M3wxMjA3fDB8MHx0b3BpYy1mZWVkfDF8QkpKTXR0ZURKQTR8fGVufDB8fHx8fA%3D%3D
Current Events,a group of people standing on the side of a road,,https://images.unsplash.com/photo-1714525316498-138fa36e2ddd?q=80&w=1000&auto=format&fit=crop&ixlib=rb-4.0.3&ixid=M3wxMjA3fDB8MHx0b3BpYy1mZWVkfDF8QkpKTXR0ZURKQTR8fGVufDB8fHx8fA%3D%3D
Archival,,,https://images.unsplash.com/photo-1713731268027-d46bfbf2c12c?q=80&w=1000&auto=format&fit=crop&ixlib=rb-4.0.3&ixid=M3wxMjA3fDB8MHx0b3BpYy1mZWVkfDZ8RS0tX3BuSWlyRzR8fGVufDB8fHx8fA%3D%3D
UGC,a group of fish swimming in a pond,,https://images.unsplash.com/photo-1713133280177-dc514719b589?q=80&w=1000&auto=format&fit=crop&ixlib=rb-4.0.3&ixid=M3wxMjA3fDB8MHx0b3BpYy1mZWVkfDIwfEIwMnFNMDJITjlnfHxlbnwwfHx8fHw%3D
UGC,a group of fish swimming in a pond,C:\Users\lesha\OneDrive\Рабочий стол\Обучение\Сбор и разметка данных\Lesson 6\\images\a group of fish swimming in a pond-71c8963a6780db4c8a11dd616c7a5e3876191bbc.jpg,https://images.unsplash.com/photo-1713133280177-dc514719b589?q=80&w=1000&auto=format&fit=crop&ixlib=rb-4.0.3&ixid=M3wxMjA3fDB8MHx0b3BpYy1mZWVkfDIwfEIwMnFNMDJITjlnfHxlbnwwfHx8fHw%3D
UGC,a group of fish swimming in a pond,,https://images.unsplash.com/photo-1713133280177-dc514719b589?q=80&w=1000&auto=format&fit=crop&ixlib=rb-4.0.3&ixid=M3wxMjA3fDB8MHx0b3BpYy1mZWVkfDIwfEIwMnFNMDJITjlnfHxlbnwwfHx8fHw%3D
Current Events,a large group of people sitting on the ground,,https://images.unsplash.com/photo-1714525287764-0393d9803faa?q=80&w=1000&auto=format&fit=crop&ixlib=rb-4.0.3&ixid=M3wxMjA3fDB8MHx0b3BpYy1mZWVkfDJ8QkpKTXR0ZURKQTR8fGVufDB8fHx8fA%3D%3D
Current Events,a large group of people sitting on the ground,C:\Users\lesha\OneDrive\Рабочий стол\Обучение\Сбор и разметка данных\Lesson 6\\images\a large group of people sitting on the ground-c9dfbff1f9b67a6669dcb84469ee5033e077419b.jpg,https://images.unsplash.com/photo-1714525287764-0393d9803faa?q=80&w=1000&auto=format&fit=crop&ixlib=rb-4.0.3&ixid=M3wxMjA3fDB8MHx0b3BpYy1mZWVkfDJ8QkpKTXR0ZURKQTR8fGVufDB8fHx8fA%3D%3D
Current Events,a large group of people sitting on the ground,,https://images.unsplash.com/photo-1714525287764-0393d9803faa?q=80&w=1000&auto=format&fit=crop&ixlib=rb-4.0.3&ixid=M3wxMjA3fDB8MHx0b3BpYy1mZWVkfDJ8QkpKTXR0ZURKQTR8fGVufDB8fHx8fA%3D%3D
Sports,a man is high in the air on a high jump,C:\Users\lesha\OneDrive\Рабочий стол\Обучение\Сбор и разметка данных\Lesson 6\\images\a man is high in the air on a high jump-8a10ce581247796eafe1d55f68ade7ecee553747.jpg,https://plus.unsplash.com/premium_photo-1664302615546-2da4257ffd71?q=80&w=1000&auto=format&fit=crop&ixlib=rb-4.0.3&ixid=M3wxMjA3fDB8MHx0b3BpYy1mZWVkfDEzfEJuLURqcmNCcndvfHxlbnwwfHx8fHw%3D
Sports,a man is high in the air on a high jump,,https://plus.unsplash.com/premium_photo-1664302615546-2da4257ffd71?q=80&w=1000&auto=format&fit=crop&ixlib=rb-4.0.3&ixid=M3wxMjA3fDB8MHx0b3BpYy1mZWVkfDEzfEJuLURqcmNCcndvfHxlbnwwfHx8fHw%3D
Sports,a shadow of a person holding a tennis racket and a tennis ball,,https://plus.unsplash.com/premium_photo-1706816489588-d0addb6dc472?q=80&w=1000&auto=format&fit=crop&ixlib=rb-4.0.3&ixid=M3wxMjA3fDB8MHx0b3BpYy1mZWVkfDF8Qm4tRGpyY0Jyd298fGVufDB8fHx8fA%3D%3D
Health & Wellness,a piece of fruit sitting on top of a green table,C:\Users\lesha\OneDrive\Рабочий стол\Обучение\Сбор и разметка данных\Lesson 6\\images\a piece of fruit sitting on top of a green table-f124d492e78d66ab625bbbb922e274d0edf6d0a2.jpg,https://plus.unsplash.com/premium_photo-1668618307377-b6217fe0b119?q=80&w=1000&auto=format&fit=crop&ixlib=rb-4.0.3&ixid=M3wxMjA3fDB8MHx0b3BpYy1mZWVkfDJ8X2hiLWRsNFEtNFV8fGVufDB8fHx8fA%3D%3D
Sports,a woman sitting on a four - wheeler in the mountains,,https://plus.unsplash.com/premium_photo-1698670081064-4b3103e04ba6?q=80&w=1000&auto=format&fit=crop&ixlib=rb-4.0.3&ixid=M3wxMjA3fDB8MHx0b3BpYy1mZWVkfDd8Qm4tRGpyY0Jyd298fGVufDB8fHx8fA%3D%3D
Health & Wellness,a piece of fruit sitting on top of a green table,,https://plus.unsplash.com/premium_photo-1668618307377-b6217fe0b119?q=80&w=1000&auto=format&fit=crop&ixlib=rb-4.0.3&ixid=M3wxMjA3fDB8MHx0b3BpYy1mZWVkfDJ8X2hiLWRsNFEtNFV8fGVufDB8fHx8fA%3D%3D
Food & Drink,a wooden table topped with plates of food and flowers,C:\Users\lesha\OneDrive\Рабочий стол\Обучение\Сбор и разметка данных\Lesson 6\\images\a wooden table topped with plates of food and flowers-405dfc81c5307d20601809e0a4a767ab3aa2746c.jpg,https://plus.unsplash.com/premium_photo-1690267599207-1df7a63e7f88?q=80&w=1000&auto=format&fit=crop&ixlib=rb-4.0.3&ixid=M3wxMjA3fDB8MHx0b3BpYy1mZWVkfDJ8eGpQUjRobGtCR0F8fGVufDB8fHx8fA%3D%3D
Food & Drink,a wooden table topped with plates of food and flowers,,https://plus.unsplash.com/premium_photo-1690267599207-1df7a63e7f88?q=80&w=1000&auto=format&fit=crop&ixlib=rb-4.0.3&ixid=M3wxMjA3fDB8MHx0b3BpYy1mZWVkfDJ8eGpQUjRobGtCR0F8fGVufDB8fHx8fA%3D%3D
Health & Wellness,Surgeons hands holding and passing surgical instrument to other doctor while operating patient. Resuscitation medicine team holding steel medical tools saving patient. Surgery and emergency concept,,https://plus.unsplash.com/premium_photo-1702598461649-0e276061fc2f?q=80&w=1000&auto=format&fit=crop&ixlib=rb-4.0.3&ixid=M3wxMjA3fDB8MHx0b3BpYy1mZWVkfDF8X2hiLWRsNFEtNFV8fGVufDB8fHx8fA%3D%3D
Health & Wellness,Surgeons hands holding and passing surgical instrument to other doctor while operating patient. Resuscitation medicine team holding steel medical tools saving patient. Surgery and emergency concept,C:\Users\lesha\OneDrive\Рабочий стол\Обучение\Сбор и разметка данных\Lesson 6\\images\Surgeons hands holding and passing surgical instrument to other doctor while operating patient. Resuscitation medicine team holding steel medical tools saving patient. Surgery and emergency concept-5537ef32bd59f9e1f2670dfa88ae07d59d37799b.jpg,https://plus.unsplash.com/premium_photo-1702598461649-0e276061fc2f?q=80&w=1000&auto=format&fit=crop&ixlib=rb-4.0.3&ixid=M3wxMjA3fDB8MHx0b3BpYy1mZWVkfDF8X2hiLWRsNFEtNFV8fGVufDB8fHx8fA%3D%3D
Current Events,a group of men standing next to each other,C:\Users\lesha\OneDrive\Рабочий стол\Обучение\Сбор и разметка данных\Lesson 6\\images\a group of men standing next to each other-37d1f7763b355fbdd2a32607e8e7b589688eaa77.jpg,https://images.unsplash.com/photo-1714525316467-d6e2b79fc97e?q=80&w=1000&auto=format&fit=crop&ixlib=rb-4.0.3&ixid=M3wxMjA3fDB8MHx0b3BpYy1mZWVkfDN8QkpKTXR0ZURKQTR8fGVufDB8fHx8fA%3D%3D
Current Events,a group of men standing next to each other,,https://images.unsplash.com/photo-1714525316467-d6e2b79fc97e?q=80&w=1000&auto=format&fit=crop&ixlib=rb-4.0.3&ixid=M3wxMjA3fDB8MHx0b3BpYy1mZWVkfDN8QkpKTXR0ZURKQTR8fGVufDB8fHx8fA%3D%3D
Current Events,a group of people standing around each other holding orange flags,,https://images.unsplash.com/photo-1714525287785-562f36e437d3?q=80&w=1000&auto=format&fit=crop&ixlib=rb-4.0.3&ixid=M3wxMjA3fDB8MHx0b3BpYy1mZWVkfDR8QkpKTXR0ZURKQTR8fGVufDB8fHx8fA%3D%3D
Current Events,a group of people standing around each other holding orange flags,C:\Users\lesha\OneDrive\Рабочий стол\Обучение\Сбор и разметка данных\Lesson 6\\images\a group of people standing around each other holding orange flags-0dc8f1cd1081faec6c1b18ead25424dd4a55e0cf.jpg,https://images.unsplash.com/photo-1714525287785-562f36e437d3?q=80&w=1000&auto=format&fit=crop&ixlib=rb-4.0.3&ixid=M3wxMjA3fDB8MHx0b3BpYy1mZWVkfDR8QkpKTXR0ZURKQTR8fGVufDB8fHx8fA%3D%3D
Current Events,a group of people standing around each other holding orange flags,,https://images.unsplash.com/photo-1714525287785-562f36e437d3?q=80&w=1000&auto=format&fit=crop&ixlib=rb-4.0.3&ixid=M3wxMjA3fDB8MHx0b3BpYy1mZWVkfDR8QkpKTXR0ZURKQTR8fGVufDB8fHx8fA%3D%3D
Current Events,a group of men standing next to each other,,https://images.unsplash.com/photo-1714525316467-d6e2b79fc97e?q=80&w=1000&auto=format&fit=crop&ixlib=rb-4.0.3&ixid=M3wxMjA3fDB8MHx0b3BpYy1mZWVkfDN8QkpKTXR0ZURKQTR8fGVufDB8fHx8fA%3D%3D
Sports,a man and a woman standing on a tennis court holding racquets,,https://plus.unsplash.com/premium_photo-1708609924224-1fc2231dc920?q=80&w=1000&auto=format&fit=crop&ixlib=rb-4.0.3&ixid=M3wxMjA3fDB8MHx0b3BpYy1mZWVkfDEwfEJuLURqcmNCcndvfHxlbnwwfHx8fHw%3D
Sports,a man in a black shirt and white boxing gloves,,https://plus.unsplash.com/premium_photo-1672791862421-3374ee8b4881?q=80&w=1000&auto=format&fit=crop&ixlib=rb-4.0.3&ixid=M3wxMjA3fDB8MHx0b3BpYy1mZWVkfDEyfEJuLURqcmNCcndvfHxlbnwwfHx8fHw%3D
Health & Wellness,a pink table with makeup and other items on it,C:\Users\lesha\OneDrive\Рабочий стол\Обучение\Сбор и разметка данных\Lesson 6\\images\a pink table with makeup and other items on it-90f205dbcc2a7fdacec17676f3c21bfbb4f54b4d.jpg,https://plus.unsplash.com/premium_photo-1684407616442-8d5a1b7c978e?q=80&w=1000&auto=format&fit=crop&ixlib=rb-4.0.3&ixid=M3wxMjA3fDB8MHx0b3BpYy1mZWVkfDN8X2hiLWRsNFEtNFV8fGVufDB8fHx8fA%3D%3D
Health & Wellness,a pink table with makeup and other items on it,,https://plus.unsplash.com/premium_photo-1684407616442-8d5a1b7c978e?q=80&w=1000&auto=format&fit=crop&ixlib=rb-4.0.3&ixid=M3wxMjA3fDB8MHx0b3BpYy1mZWVkfDN8X2hiLWRsNFEtNFV8fGVufDB8fHx8fA%3D%3D
Current Events,a group of people standing next to each other,,https://images.unsplash.com/photo-1714525316582-eb87a2e57604?q=80&w=1000&auto=format&fit=crop&ixlib=rb-4.0.3&ixid=M3wxMjA3fDB8MHx0b3BpYy1mZWVkfDV8QkpKTXR0ZURKQTR8fGVufDB8fHx8fA%3D%3D
Current Events,a group of people standing next to each other,,https://images.unsplash.com/photo-1714525316582-eb87a2e57604?q=80&w=1000&auto=format&fit=crop&ixlib=rb-4.0.3&ixid=M3wxMjA3fDB8MHx0b3BpYy1mZWVkfDV8QkpKTXR0ZURKQTR8fGVufDB8fHx8fA%3D%3D
Current Events,a group of people standing next to each other,C:\Users\lesha\OneDrive\Рабочий стол\Обучение\Сбор и разметка данных\Lesson 6\\images\a group of people standing next to each other-252ae7919c86e2dd0a08ada1fcfe0d22c57b00d4.jpg,https://images.unsplash.com/photo-1714525316582-eb87a2e57604?q=80&w=1000&auto=format&fit=crop&ixlib=rb-4.0.3&ixid=M3wxMjA3fDB8MHx0b3BpYy1mZWVkfDV8QkpKTXR0ZURKQTR8fGVufDB8fHx8fA%3D%3D
Food & Drink,four plates of carrot cake with cream cheese frosting,,https://plus.unsplash.com/premium_photo-1714669899935-485f6cf6bd1b?q=80&w=1000&auto=format&fit=crop&ixlib=rb-4.0.3&ixid=M3wxMjA3fDB8MHx0b3BpYy1mZWVkfDN8eGpQUjRobGtCR0F8fGVufDB8fHx8fA%3D%3D
Food & Drink,four plates of carrot cake with cream cheese frosting,C:\Users\lesha\OneDrive\Рабочий стол\Обучение\Сбор и разметка данных\Lesson 6\\images\four plates of carrot cake with cream cheese frosting-1f49736cf6bbbef2de000f232595362e64cec25a.jpg,https://plus.unsplash.com/premium_photo-1714669899935-485f6cf6bd1b?q=80&w=1000&auto=format&fit=crop&ixlib=rb-4.0.3&ixid=M3wxMjA3fDB8MHx0b3BpYy1mZWVkfDN8eGpQUjRobGtCR0F8fGVufDB8fHx8fA%3D%3D
Current Events,the sun is setting over the horizon of a tree,,https://plus.unsplash.com/premium_photo-1695186450461-777ea482f34b?q=80&w=1000&auto=format&fit=crop&ixlib=rb-4.0.3&ixid=M3wxMjA3fDB8MHx0b3BpYy1mZWVkfDE3fEJKSk10dGVESkE0fHxlbnwwfHx8fHw%3D
Food & Drink,Mezcal is a mexican distilled alcoholic beverage made from any type of oven-cooked agave.,C:\Users\lesha\OneDrive\Рабочий стол\Обучение\Сбор и разметка данных\Lesson 6\\images\Mezcal is a mexican distilled alcoholic beverage made from any type of oven-cooked agave.-6babc2cb6de95ada4559b98ef99bc51437f25b06.jpg,https://plus.unsplash.com/premium_photo-1661405826098-7fddd5f4c06d?q=80&w=1000&auto=format&fit=crop&ixlib=rb-4.0.3&ixid=M3wxMjA3fDB8MHx0b3BpYy1mZWVkfDR8eGpQUjRobGtCR0F8fGVufDB8fHx8fA%3D%3D
Food & Drink,Mezcal is a mexican distilled alcoholic beverage made from any type of oven-cooked agave.,,https://plus.unsplash.com/premium_photo-1661405826098-7fddd5f4c06d?q=80&w=1000&auto=format&fit=crop&ixlib=rb-4.0.3&ixid=M3wxMjA3fDB8MHx0b3BpYy1mZWVkfDR8eGpQUjRobGtCR0F8fGVufDB8fHx8fA%3D%3D
Current Events,a couple of people walking down a street,,https://images.unsplash.com/photo-1714525316495-3a28538dbfb7?q=80&w=1000&auto=format&fit=crop&ixlib=rb-4.0.3&ixid=M3wxMjA3fDB8MHx0b3BpYy1mZWVkfDZ8QkpKTXR0ZURKQTR8fGVufDB8fHx8fA%3D%3D
Current Events,a couple of people walking down a street,,https://images.unsplash.com/photo-1714525316495-3a28538dbfb7?q=80&w=1000&auto=format&fit=crop&ixlib=rb-4.0.3&ixid=M3wxMjA3fDB8MHx0b3BpYy1mZWVkfDZ8QkpKTXR0ZURKQTR8fGVufDB8fHx8fA%3D%3D
Current Events,a couple of people walking down a street,C:\Users\lesha\OneDrive\Рабочий стол\Обучение\Сбор и разметка данных\Lesson 6\\images\a couple of people walking down a street-0084def3302d5f34b30e2031890cfb6f780980e6.jpg,https://images.unsplash.com/photo-1714525316495-3a28538dbfb7?q=80&w=1000&auto=format&fit=crop&ixlib=rb-4.0.3&ixid=M3wxMjA3fDB8MHx0b3BpYy1mZWVkfDZ8QkpKTXR0ZURKQTR8fGVufDB8fHx8fA%3D%3D
Sports,a woman in a black dress is doing a yoga pose,,https://plus.unsplash.com/premium_photo-1684966119402-e237566d4576?q=80&w=1000&auto=format&fit=crop&ixlib=rb-4.0.3&ixid=M3wxMjA3fDB8MHx0b3BpYy1mZWVkfDl8Qm4tRGpyY0Jyd298fGVufDB8fHx8fA%3D%3D
Archival,,,https://images.unsplash.com/photo-1713895384582-c5936635ca08?q=80&w=1000&auto=format&fit=crop&ixlib=rb-4.0.3&ixid=M3wxMjA3fDB8MHx0b3BpYy1mZWVkfDE4fEUtLV9wbklpckc0fHxlbnwwfHx8fHw%3D
Sports,a man is high in the air on a high jump,,https://plus.unsplash.com/premium_photo-1664302615546-2da4257ffd71?q=80&w=1000&auto=format&fit=crop&ixlib=rb-4.0.3&ixid=M3wxMjA3fDB8MHx0b3BpYy1mZWVkfDEzfEJuLURqcmNCcndvfHxlbnwwfHx8fHw%3D
Health & Wellness,a cutting board topped with cucumbers and a knife,C:\Users\lesha\OneDrive\Рабочий стол\Обучение\Сбор и разметка данных\Lesson 6\\images\a cutting board topped with cucumbers and a knife-5cbf9d9d4b44191c15eb41e53f3b3acc65b75099.jpg,https://plus.unsplash.com/premium_photo-1701882451232-959b9e1bbeec?q=80&w=1000&auto=format&fit=crop&ixlib=rb-4.0.3&ixid=M3wxMjA3fDB8MHx0b3BpYy1mZWVkfDR8X2hiLWRsNFEtNFV8fGVufDB8fHx8fA%3D%3D
Health & Wellness,a cutting board topped with cucumbers and a knife,,https://plus.unsplash.com/premium_photo-1701882451232-959b9e1bbeec?q=80&w=1000&auto=format&fit=crop&ixlib=rb-4.0.3&ixid=M3wxMjA3fDB8MHx0b3BpYy1mZWVkfDR8X2hiLWRsNFEtNFV8fGVufDB8fHx8fA%3D%3D
Food & Drink,a hand pouring a liquid into a cup,,https://plus.unsplash.com/premium_photo-1670333242751-0c517a2ce0d6?q=80&w=1000&auto=format&fit=crop&ixlib=rb-4.0.3&ixid=M3wxMjA3fDB8MHx0b3BpYy1mZWVkfDV8eGpQUjRobGtCR0F8fGVufDB8fHx8fA%3D%3D
Food & Drink,a hand pouring a liquid into a cup,C:\Users\lesha\OneDrive\Рабочий стол\Обучение\Сбор и разметка данных\Lesson 6\\images\a hand pouring a liquid into a cup-ca3612de0ba3316c1e605ef5e0bd4b887673a8dd.jpg,https://plus.unsplash.com/premium_photo-1670333242751-0c517a2ce0d6?q=80&w=1000&auto=format&fit=crop&ixlib=rb-4.0.3&ixid=M3wxMjA3fDB8MHx0b3BpYy1mZWVkfDV8eGpQUjRobGtCR0F8fGVufDB8fHx8fA%3D%3D
Current Events,a group of people walking across a street,C:\Users\lesha\OneDrive\Рабочий стол\Обучение\Сбор и разметка данных\Lesson 6\\images\a group of people walking across a street-5009eef5b53fdc6f5f0f0f5bc580530c48868967.jpg,https://images.unsplash.com/photo-1713803218434-69d3576b7cf6?q=80&w=1000&auto=format&fit=crop&ixlib=rb-4.0.3&ixid=M3wxMjA3fDB8MHx0b3BpYy1mZWVkfDl8QkpKTXR0ZURKQTR8fGVufDB8fHx8fA%3D%3D
Current Events,a group of people walking across a street,,https://images.unsplash.com/photo-1713803218434-69d3576b7cf6?q=80&w=1000&auto=format&fit=crop&ixlib=rb-4.0.3&ixid=M3wxMjA3fDB8MHx0b3BpYy1mZWVkfDl8QkpKTXR0ZURKQTR8fGVufDB8fHx8fA%3D%3D
Current Events,a group of people walking across a street,,https://images.unsplash.com/photo-1713803218434-69d3576b7cf6?q=80&w=1000&auto=format&fit=crop&ixlib=rb-4.0.3&ixid=M3wxMjA3fDB8MHx0b3BpYy1mZWVkfDl8QkpKTXR0ZURKQTR8fGVufDB8fHx8fA%3D%3D
Current Events,a couple of flags that are on a pole,C:\Users\lesha\OneDrive\Рабочий стол\Обучение\Сбор и разметка данных\Lesson 6\\images\a couple of flags that are on a pole-9203b5097a9642807e29072189519dc9c90e3e44.jpg,https://images.unsplash.com/photo-1714218968657-236cd0c2e437?q=80&w=1000&auto=format&fit=crop&ixlib=rb-4.0.3&ixid=M3wxMjA3fDB8MHx0b3BpYy1mZWVkfDh8QkpKTXR0ZURKQTR8fGVufDB8fHx8fA%3D%3D
Current Events,a couple of flags that are on a pole,,https://images.unsplash.com/photo-1714218968657-236cd0c2e437?q=80&w=1000&auto=format&fit=crop&ixlib=rb-4.0.3&ixid=M3wxMjA3fDB8MHx0b3BpYy1mZWVkfDh8QkpKTXR0ZURKQTR8fGVufDB8fHx8fA%3D%3D
Current Events,a couple of flags that are on a pole,,https://images.unsplash.com/photo-1714218968657-236cd0c2e437?q=80&w=1000&auto=format&fit=crop&ixlib=rb-4.0.3&ixid=M3wxMjA3fDB8MHx0b3BpYy1mZWVkfDh8QkpKTXR0ZURKQTR8fGVufDB8fHx8fA%3D%3D
Business & Work,"a pink desk with a keyboard, notebook, mouse and a cup of coffee","C:\Users\lesha\OneDrive\Рабочий стол\Обучение\Сбор и разметка данных\Lesson 6\\images\a pink desk with a keyboard, notebook, mouse and a cup of coffee-35c1bc44fe4a196a47baac6e0be62c7e4e899fd8.jpg",https://plus.unsplash.com/premium_photo-1683064543501-e2ec364d9836?q=80&w=1000&auto=format&fit=crop&ixlib=rb-4.0.3&ixid=M3wxMjA3fDB8MHx0b3BpYy1mZWVkfDF8YWV1NnJMLWo2ZXd8fGVufDB8fHx8fA%3D%3D
Business & Work,"a pink desk with a keyboard, notebook, mouse and a cup of coffee",,https://plus.unsplash.com/premium_photo-1683064543501-e2ec364d9836?q=80&w=1000&auto=format&fit=crop&ixlib=rb-4.0.3&ixid=M3wxMjA3fDB8MHx0b3BpYy1mZWVkfDF8YWV1NnJMLWo2ZXd8fGVufDB8fHx8fA%3D%3D
Current Events,a group of people walking down a street,,https://images.unsplash.com/photo-1714351085386-447d29c18a87?q=80&w=1000&auto=format&fit=crop&ixlib=rb-4.0.3&ixid=M3wxMjA3fDB8MHx0b3BpYy1mZWVkfDd8QkpKTXR0ZURKQTR8fGVufDB8fHx8fA%3D%3D
Current Events,a group of people walking down a street,,https://images.unsplash.com/photo-1714351085386-447d29c18a87?q=80&w=1000&auto=format&fit=crop&ixlib=rb-4.0.3&ixid=M3wxMjA3fDB8MHx0b3BpYy1mZWVkfDd8QkpKTXR0ZURKQTR8fGVufDB8fHx8fA%3D%3D
Current Events,a group of people walking down a street,C:\Users\lesha\OneDrive\Рабочий стол\Обучение\Сбор и разметка данных\Lesson 6\\images\a group of people walking down a street-4fd805e82bee146724b4d668d5f034688a44d1a3.jpg,https://images.unsplash.com/photo-1714351085386-447d29c18a87?q=80&w=1000&auto=format&fit=crop&ixlib=rb-4.0.3&ixid=M3wxMjA3fDB8MHx0b3BpYy1mZWVkfDd8QkpKTXR0ZURKQTR8fGVufDB8fHx8fA%3D%3D
Archival,,,https://images.unsplash.com/photo-1714846428154-804e3f4a0094?q=80&w=1000&auto=format&fit=crop&ixlib=rb-4.0.3&ixid=M3wxMjA3fDB8MHx0b3BpYy1mZWVkfDIwfEUtLV9wbklpckc0fHxlbnwwfHx8fHw%3D
Health & Wellness,Surgeons hands holding and passing surgical instrument to other doctor while operating patient. Resuscitation medicine team holding steel medical tools saving patient. Surgery and emergency concept,,https://plus.unsplash.com/premium_photo-1702598461649-0e276061fc2f?q=80&w=1000&auto=format&fit=crop&ixlib=rb-4.0.3&ixid=M3wxMjA3fDB8MHx0b3BpYy1mZWVkfDF8X2hiLWRsNFEtNFV8fGVufDB8fHx8fA%3D%3D
Food & Drink,Mezcal is a mexican distilled alcoholic beverage made from any type of oven-cooked agave.,,https://plus.unsplash.com/premium_photo-1661405826098-7fddd5f4c06d?q=80&w=1000&auto=format&fit=crop&ixlib=rb-4.0.3&ixid=M3wxMjA3fDB8MHx0b3BpYy1mZWVkfDR8eGpQUjRobGtCR0F8fGVufDB8fHx8fA%3D%3D
Archival,,,https://images.unsplash.com/photo-1715626068401-6f8a8e8fac14?q=80&w=1000&auto=format&fit=crop&ixlib=rb-4.0.3&ixid=M3wxMjA3fDB8MHx0b3BpYy1mZWVkfDN8RS0tX3BuSWlyRzR8fGVufDB8fHx8fA%3D%3D
Health & Wellness,a cutting board topped with cucumbers and a knife,,https://plus.unsplash.com/premium_photo-1701882451232-959b9e1bbeec?q=80&w=1000&auto=format&fit=crop&ixlib=rb-4.0.3&ixid=M3wxMjA3fDB8MHx0b3BpYy1mZWVkfDR8X2hiLWRsNFEtNFV8fGVufDB8fHx8fA%3D%3D
Business & Work,"a pink desk with a keyboard, notebook, mouse and a cup of coffee",,https://plus.unsplash.com/premium_photo-1683064543501-e2ec364d9836?q=80&w=1000&auto=format&fit=crop&ixlib=rb-4.0.3&ixid=M3wxMjA3fDB8MHx0b3BpYy1mZWVkfDF8YWV1NnJMLWo2ZXd8fGVufDB8fHx8fA%3D%3D
Health & Wellness,Mezcal is a mexican distilled alcoholic beverage made from any type of oven-cooked agave.,C:\Users\lesha\OneDrive\Рабочий стол\Обучение\Сбор и разметка данных\Lesson 6\\images\Mezcal is a mexican distilled alcoholic beverage made from any type of oven-cooked agave.-95f75199755749c78fddef1c96cfb784e2720389.jpg,https://plus.unsplash.com/premium_photo-1661405826098-7fddd5f4c06d?q=80&w=1000&auto=format&fit=crop&ixlib=rb-4.0.3&ixid=M3wxMjA3fDB8MHx0b3BpYy1mZWVkfDV8X2hiLWRsNFEtNFV8fGVufDB8fHx8fA%3D%3D
Health & Wellness,Mezcal is a mexican distilled alcoholic beverage made from any type of oven-cooked agave.,,https://plus.unsplash.com/premium_photo-1661405826098-7fddd5f4c06d?q=80&w=1000&auto=format&fit=crop&ixlib=rb-4.0.3&ixid=M3wxMjA3fDB8MHx0b3BpYy1mZWVkfDV8X2hiLWRsNFEtNFV8fGVufDB8fHx8fA%3D%3D
Sports,a man jumping in the air on a tennis court,,https://plus.unsplash.com/premium_photo-1710380800131-a73df98bc57a?q=80&w=1000&auto=format&fit=crop&ixlib=rb-4.0.3&ixid=M3wxMjA3fDB8MHx0b3BpYy1mZWVkfDh8Qm4tRGpyY0Jyd298fGVufDB8fHx8fA%3D%3D
Current Events,a group of people standing on a street holding flags,,https://images.unsplash.com/photo-1713784031919-0ffccc693a07?q=80&w=1000&auto=format&fit=crop&ixlib=rb-4.0.3&ixid=M3wxMjA3fDB8MHx0b3BpYy1mZWVkfDEyfEJKSk10dGVESkE0fHxlbnwwfHx8fHw%3D
Current Events,a group of people standing on a street holding flags,,https://images.unsplash.com/photo-1713784031919-0ffccc693a07?q=80&w=1000&auto=format&fit=crop&ixlib=rb-4.0.3&ixid=M3wxMjA3fDB8MHx0b3BpYy1mZWVkfDEyfEJKSk10dGVESkE0fHxlbnwwfHx8fHw%3D
Current Events,a group of people standing on a street holding flags,C:\Users\lesha\OneDrive\Рабочий стол\Обучение\Сбор и разметка данных\Lesson 6\\images\a group of people standing on a street holding flags-e78c31953acba059cfd01ace56b3b6cfd609d8b0.jpg,https://images.unsplash.com/photo-1713784031919-0ffccc693a07?q=80&w=1000&auto=format&fit=crop&ixlib=rb-4.0.3&ixid=M3wxMjA3fDB8MHx0b3BpYy1mZWVkfDEyfEJKSk10dGVESkE0fHxlbnwwfHx8fHw%3D
Current Events,a group of people walking down a street with a dog in a cart,C:\Users\lesha\OneDrive\Рабочий стол\Обучение\Сбор и разметка данных\Lesson 6\\images\a group of people walking down a street with a dog in a cart-04c02cf01cac512bac8984e95e030b3223128e83.jpg,https://images.unsplash.com/photo-1713783313096-5858217aa7d1?q=80&w=1000&auto=format&fit=crop&ixlib=rb-4.0.3&ixid=M3wxMjA3fDB8MHx0b3BpYy1mZWVkfDExfEJKSk10dGVESkE0fHxlbnwwfHx8fHw%3D
Current Events,a group of people walking down a street with a dog in a cart,,https://images.unsplash.com/photo-1713783313096-5858217aa7d1?q=80&w=1000&auto=format&fit=crop&ixlib=rb-4.0.3&ixid=M3wxMjA3fDB8MHx0b3BpYy1mZWVkfDExfEJKSk10dGVESkE0fHxlbnwwfHx8fHw%3D
Current Events,a group of people walking down a street with a dog in a cart,,https://images.unsplash.com/photo-1713783313096-5858217aa7d1?q=80&w=1000&auto=format&fit=crop&ixlib=rb-4.0.3&ixid=M3wxMjA3fDB8MHx0b3BpYy1mZWVkfDExfEJKSk10dGVESkE0fHxlbnwwfHx8fHw%3D
Sports,a woman running down a road in a sports bra top,,https://plus.unsplash.com/premium_photo-1674605360574-a2935909cb02?q=80&w=1000&auto=format&fit=crop&ixlib=rb-4.0.3&ixid=M3wxMjA3fDB8MHx0b3BpYy1mZWVkfDExfEJuLURqcmNCcndvfHxlbnwwfHx8fHw%3D
Business & Work,a green chair sitting in a room next to a green chair,,https://plus.unsplash.com/premium_photo-1674730949884-fe69406ae2e0?q=80&w=1000&auto=format&fit=crop&ixlib=rb-4.0.3&ixid=M3wxMjA3fDB8MHx0b3BpYy1mZWVkfDJ8YWV1NnJMLWo2ZXd8fGVufDB8fHx8fA%3D%3D
Business & Work,a green chair sitting in a room next to a green chair,C:\Users\lesha\OneDrive\Рабочий стол\Обучение\Сбор и разметка данных\Lesson 6\\images\a green chair sitting in a room next to a green chair-9eeaa7bbf71de535d6adabf8f3d719788e90b118.jpg,https://plus.unsplash.com/premium_photo-1674730949884-fe69406ae2e0?q=80&w=1000&auto=format&fit=crop&ixlib=rb-4.0.3&ixid=M3wxMjA3fDB8MHx0b3BpYy1mZWVkfDJ8YWV1NnJMLWo2ZXd8fGVufDB8fHx8fA%3D%3D
Food & Drink,a person pours coffee into a cup,C:\Users\lesha\OneDrive\Рабочий стол\Обучение\Сбор и разметка данных\Lesson 6\\images\a person pours coffee into a cup-5973599a31b0f11e8b7582d25227625a695f1f26.jpg,https://plus.unsplash.com/premium_photo-1715774735221-a91c892ce31c?q=80&w=1000&auto=format&fit=crop&ixlib=rb-4.0.3&ixid=M3wxMjA3fDB8MHx0b3BpYy1mZWVkfDd8eGpQUjRobGtCR0F8fGVufDB8fHx8fA%3D%3D
Food & Drink,a person pours coffee into a cup,,https://plus.unsplash.com/premium_photo-1715774735221-a91c892ce31c?q=80&w=1000&auto=format&fit=crop&ixlib=rb-4.0.3&ixid=M3wxMjA3fDB8MHx0b3BpYy1mZWVkfDd8eGpQUjRobGtCR0F8fGVufDB8fHx8fA%3D%3D
Food & Drink,a person pours coffee into a cup,,https://plus.unsplash.com/premium_photo-1715774735221-a91c892ce31c?q=80&w=1000&auto=format&fit=crop&ixlib=rb-4.0.3&ixid=M3wxMjA3fDB8MHx0b3BpYy1mZWVkfDd8eGpQUjRobGtCR0F8fGVufDB8fHx8fA%3D%3D
Health & Wellness,a piece of fruit sitting on top of a green table,,https://plus.unsplash.com/premium_photo-1668618307377-b6217fe0b119?q=80&w=1000&auto=format&fit=crop&ixlib=rb-4.0.3&ixid=M3wxMjA3fDB8MHx0b3BpYy1mZWVkfDJ8X2hiLWRsNFEtNFV8fGVufDB8fHx8fA%3D%3D
Food & Drink,a wooden table topped with plates of food and flowers,,https://plus.unsplash.com/premium_photo-1690267599207-1df7a63e7f88?q=80&w=1000&auto=format&fit=crop&ixlib=rb-4.0.3&ixid=M3wxMjA3fDB8MHx0b3BpYy1mZWVkfDJ8eGpQUjRobGtCR0F8fGVufDB8fHx8fA%3D%3D
Street Photography,,,https://images.unsplash.com/photo-1703849265924-0169f179c0fd?q=80&w=1000&auto=format&fit=crop&ixlib=rb-4.0.3&ixid=M3wxMjA3fDB8MHx0b3BpYy1mZWVkfDE5fHhIeFlUTUhMZ09jfHxlbnwwfHx8fHw%3D
Archival,,,https://images.unsplash.com/photo-1713895384582-c5936635ca08?q=80&w=1000&auto=format&fit=crop&ixlib=rb-4.0.3&ixid=M3wxMjA3fDB8MHx0b3BpYy1mZWVkfDE4fEUtLV9wbklpckc0fHxlbnwwfHx8fHw%3D
Food & Drink,a table topped with plates of food and a candle,C:\Users\lesha\OneDrive\Рабочий стол\Обучение\Сбор и разметка данных\Lesson 6\\images\a table topped with plates of food and a candle-3578754191ee95e1911aa9c6f67adf0a6946e440.jpg,https://plus.unsplash.com/premium_photo-1697032903516-4547eab6b79c?q=80&w=1000&auto=format&fit=crop&ixlib=rb-4.0.3&ixid=M3wxMjA3fDB8MHx0b3BpYy1mZWVkfDZ8eGpQUjRobGtCR0F8fGVufDB8fHx8fA%3D%3D
Food & Drink,a table topped with plates of food and a candle,,https://plus.unsplash.com/premium_photo-1697032903516-4547eab6b79c?q=80&w=1000&auto=format&fit=crop&ixlib=rb-4.0.3&ixid=M3wxMjA3fDB8MHx0b3BpYy1mZWVkfDZ8eGpQUjRobGtCR0F8fGVufDB8fHx8fA%3D%3D
Current Events,a group of people walking down a street holding a flag,,https://images.unsplash.com/photo-1713783313107-9ef218eb6f88?q=80&w=1000&auto=format&fit=crop&ixlib=rb-4.0.3&ixid=M3wxMjA3fDB8MHx0b3BpYy1mZWVkfDEwfEJKSk10dGVESkE0fHxlbnwwfHx8fHw%3D
Current Events,a group of people walking down a street holding a flag,,https://images.unsplash.com/photo-1713783313107-9ef218eb6f88?q=80&w=1000&auto=format&fit=crop&ixlib=rb-4.0.3&ixid=M3wxMjA3fDB8MHx0b3BpYy1mZWVkfDEwfEJKSk10dGVESkE0fHxlbnwwfHx8fHw%3D
Current Events,a group of people walking down a street holding a flag,C:\Users\lesha\OneDrive\Рабочий стол\Обучение\Сбор и разметка данных\Lesson 6\\images\a group of people walking down a street holding a flag-363a38769349a17fdf9b14dbdf56766abdf8c00c.jpg,https://images.unsplash.com/photo-1713783313107-9ef218eb6f88?q=80&w=1000&auto=format&fit=crop&ixlib=rb-4.0.3&ixid=M3wxMjA3fDB8MHx0b3BpYy1mZWVkfDEwfEJKSk10dGVESkE0fHxlbnwwfHx8fHw%3D
Sports,a person riding a dirt bike on a dirt track,C:\Users\lesha\OneDrive\Рабочий стол\Обучение\Сбор и разметка данных\Lesson 6\\images\a person riding a dirt bike on a dirt track-3ae2dac1550b7fe7be85a5ac8b1cfa22f9ff336c.jpg,https://images.unsplash.com/photo-1716386378682-6bc5dd149ba8?q=80&w=1000&auto=format&fit=crop&ixlib=rb-4.0.3&ixid=M3wxMjA3fDB8MHx0b3BpYy1mZWVkfDJ8Qm4tRGpyY0Jyd298fGVufDB8fHx8fA%3D%3D
Sports,a person riding a dirt bike on a dirt track,,https://images.unsplash.com/photo-1716386378682-6bc5dd149ba8?q=80&w=1000&auto=format&fit=crop&ixlib=rb-4.0.3&ixid=M3wxMjA3fDB8MHx0b3BpYy1mZWVkfDJ8Qm4tRGpyY0Jyd298fGVufDB8fHx8fA%3D%3D
Sports,a person riding a dirt bike on a dirt track,,https://images.unsplash.com/photo-1716386378682-6bc5dd149ba8?q=80&w=1000&auto=format&fit=crop&ixlib=rb-4.0.3&ixid=M3wxMjA3fDB8MHx0b3BpYy1mZWVkfDJ8Qm4tRGpyY0Jyd298fGVufDB8fHx8fA%3D%3D
Food & Drink,a hand pouring a liquid into a cup,,https://plus.unsplash.com/premium_photo-1670333242751-0c517a2ce0d6?q=80&w=1000&auto=format&fit=crop&ixlib=rb-4.0.3&ixid=M3wxMjA3fDB8MHx0b3BpYy1mZWVkfDV8eGpQUjRobGtCR0F8fGVufDB8fHx8fA%3D%3D
Archival,,,https://images.unsplash.com/photo-1714846428154-804e3f4a0094?q=80&w=1000&auto=format&fit=crop&ixlib=rb-4.0.3&ixid=M3wxMjA3fDB8MHx0b3BpYy1mZWVkfDIwfEUtLV9wbklpckc0fHxlbnwwfHx8fHw%3D
Health & Wellness,a couple of toothbrushes sitting next to each other,C:\Users\lesha\OneDrive\Рабочий стол\Обучение\Сбор и разметка данных\Lesson 6\\images\a couple of toothbrushes sitting next to each other-600cce4df5270055f32236a8b99872f4bc2beed9.jpg,https://plus.unsplash.com/premium_photo-1684407616430-3509c1074109?q=80&w=1000&auto=format&fit=crop&ixlib=rb-4.0.3&ixid=M3wxMjA3fDB8MHx0b3BpYy1mZWVkfDZ8X2hiLWRsNFEtNFV8fGVufDB8fHx8fA%3D%3D
Health & Wellness,a couple of toothbrushes sitting next to each other,,https://plus.unsplash.com/premium_photo-1684407616430-3509c1074109?q=80&w=1000&auto=format&fit=crop&ixlib=rb-4.0.3&ixid=M3wxMjA3fDB8MHx0b3BpYy1mZWVkfDZ8X2hiLWRsNFEtNFV8fGVufDB8fHx8fA%3D%3D
Health & Wellness,a couple of toothbrushes sitting next to each other,,https://plus.unsplash.com/premium_photo-1684407616430-3509c1074109?q=80&w=1000&auto=format&fit=crop&ixlib=rb-4.0.3&ixid=M3wxMjA3fDB8MHx0b3BpYy1mZWVkfDZ8X2hiLWRsNFEtNFV8fGVufDB8fHx8fA%3D%3D
Current Events,a group of people walking down a street holding signs,,https://images.unsplash.com/photo-1713784267503-f304cb051924?q=80&w=1000&auto=format&fit=crop&ixlib=rb-4.0.3&ixid=M3wxMjA3fDB8MHx0b3BpYy1mZWVkfDEzfEJKSk10dGVESkE0fHxlbnwwfHx8fHw%3D
Current Events,a group of people walking down a street holding signs,,https://images.unsplash.com/photo-1713784267503-f304cb051924?q=80&w=1000&auto=format&fit=crop&ixlib=rb-4.0.3&ixid=M3wxMjA3fDB8MHx0b3BpYy1mZWVkfDEzfEJKSk10dGVESkE0fHxlbnwwfHx8fHw%3D
Current Events,a group of people walking down a street holding signs,C:\Users\lesha\OneDrive\Рабочий стол\Обучение\Сбор и разметка данных\Lesson 6\\images\a group of people walking down a street holding signs-40a20956b67de4cbea8973a06ec9e1a92b7b91a9.jpg,https://images.unsplash.com/photo-1713784267503-f304cb051924?q=80&w=1000&auto=format&fit=crop&ixlib=rb-4.0.3&ixid=M3wxMjA3fDB8MHx0b3BpYy1mZWVkfDEzfEJKSk10dGVESkE0fHxlbnwwfHx8fHw%3D
Business & Work,Busy young Muslim graphic designer in beautiful hijab sitting at desk and using digitizer for work,C:\Users\lesha\OneDrive\Рабочий стол\Обучение\Сбор и разметка данных\Lesson 6\\images\Busy young Muslim graphic designer in beautiful hijab sitting at desk and using digitizer for work-6ac556c51d634ba8e54a74b166b6343c8f48e9b3.jpg,https://plus.unsplash.com/premium_photo-1683133417222-bc4ce6564dda?q=80&w=1000&auto=format&fit=crop&ixlib=rb-4.0.3&ixid=M3wxMjA3fDB8MHx0b3BpYy1mZWVkfDN8YWV1NnJMLWo2ZXd8fGVufDB8fHx8fA%3D%3D
Business & Work,Busy young Muslim graphic designer in beautiful hijab sitting at desk and using digitizer for work,,https://plus.unsplash.com/premium_photo-1683133417222-bc4ce6564dda?q=80&w=1000&auto=format&fit=crop&ixlib=rb-4.0.3&ixid=M3wxMjA3fDB8MHx0b3BpYy1mZWVkfDN8YWV1NnJMLWo2ZXd8fGVufDB8fHx8fA%3D%3D
Business & Work,"Top view background of modern businesswoman holding document while sitting at table, copy space",,https://plus.unsplash.com/premium_photo-1683121787260-b71d78ce3ab7?q=80&w=1000&auto=format&fit=crop&ixlib=rb-4.0.3&ixid=M3wxMjA3fDB8MHx0b3BpYy1mZWVkfDR8YWV1NnJMLWo2ZXd8fGVufDB8fHx8fA%3D%3D
Business & Work,"Top view background of modern businesswoman holding document while sitting at table, copy space","C:\Users\lesha\OneDrive\Рабочий стол\Обучение\Сбор и разметка данных\Lesson 6\\images\Top view background of modern businesswoman holding document while sitting at table, copy space-f04572547635650e10608c27a475092eedae4a32.jpg",https://plus.unsplash.com/premium_photo-1683121787260-b71d78ce3ab7?q=80&w=1000&auto=format&fit=crop&ixlib=rb-4.0.3&ixid=M3wxMjA3fDB8MHx0b3BpYy1mZWVkfDR8YWV1NnJMLWo2ZXd8fGVufDB8fHx8fA%3D%3D
Business & Work,"Top view background of modern businesswoman holding document while sitting at table, copy space",,https://plus.unsplash.com/premium_photo-1683121787260-b71d78ce3ab7?q=80&w=1000&auto=format&fit=crop&ixlib=rb-4.0.3&ixid=M3wxMjA3fDB8MHx0b3BpYy1mZWVkfDR8YWV1NnJMLWo2ZXd8fGVufDB8fHx8fA%3D%3D
Business & Work,a green chair sitting in a room next to a green chair,,https://plus.unsplash.com/premium_photo-1674730949884-fe69406ae2e0?q=80&w=1000&auto=format&fit=crop&ixlib=rb-4.0.3&ixid=M3wxMjA3fDB8MHx0b3BpYy1mZWVkfDJ8YWV1NnJMLWo2ZXd8fGVufDB8fHx8fA%3D%3D
